variant,seed,precision,mAP50,mAP75,mAP5095,source
base,0,FP32,76.4,33.05,37.16,ablation
base,1,FP32,79.57,30.45,37.99,ablation
base,2,FP32,81.76,34.68,40.29,ablation
base,3,FP32,85.48,38.14,43.28,ablation2
base,4,FP32,82.52,29.77,38.95,ablation2
base,5,FP32,78.67,34.44,38.94,ablation2
base,6,FP32,82.6,38.9,42.6,ablation3
base,7,FP32,76.3,35.199999999999996,38.4,ablation3
base,8,FP32,78.5,32.4,37.9,ablation3
base,9,FP32,81.89999999999999,40.400000000000006,43.0,ablation3
base,0,INT8,81.14,14.58,31.42,ablation
base,1,INT8,0.91,0.0,0.11,ablation
base,2,INT8,48.57,1.62,10.53,ablation
base,3,INT8,73.29,7.08,24.49,ablation2
base,4,INT8,83.38,20.89,37.67,ablation2
base,5,INT8,75.44,14.43,31.29,ablation2
base,6,INT8,29.07,0.23,5.07,ablation3
base,7,INT8,77.58,22.66,34.37,ablation3
base,8,INT8,66.72,8.79,24.89,ablation3
base,9,INT8,64.36,3.19,18.06,ablation3
basewide,0,FP32,80.5,36.49,40.28,ablation2
basewide,1,FP32,80.58,36.78,40.59,ablation2
basewide,2,FP32,80.73,39.9,41.26,ablation2
basewide,3,FP32,82.19999999999999,36.5,41.699999999999996,ablation3
basewide,4,FP32,78.7,36.1,39.300000000000004,ablation3
basewide,5,FP32,81.6,33.4,40.8,ablation3
basewide,0,INT8,18.45,0.02,3.23,ablation2
basewide,1,INT8,84.35,27.03,38.05,ablation2
basewide,2,INT8,77.33,27.08,35.59,ablation2
basewide,3,INT8,0.0,0.0,0.0,ablation3
basewide,4,INT8,14.14,0.0,1.99,ablation3
basewide,5,INT8,88.33,8.23,31.01,ablation3
plus,0,FP32,92.04,68.22,56.43,ablation
plus,1,FP32,92.01,59.13,53.89,ablation
plus,2,FP32,93.04,63.08,55.05,ablation
plus,3,FP32,93.0,61.7,54.6,ablation3
plus,4,FP32,91.0,61.1,54.1,ablation3
plus,5,FP32,93.10000000000001,69.0,57.199999999999996,ablation3
plus,0,INT8,92.04,53.73,51.26,ablation
plus,1,INT8,91.99,43.2,48.86,ablation
plus,2,INT8,93.03,44.67,49.33,ablation
plus,3,INT8,94.01,40.51,48.77,ablation3
plus,4,INT8,90.0,49.53,49.66,ablation3
plus,5,INT8,92.02,31.75,44.97,ablation3
