model,variant,params,mean,std,min,max,absmax,dyn_range,kurtosis_excess,ch_range_spread,dead_channel_pct,fix_point,sqnr_db,cos_sim,outlier_3sigma_pct,p99_99_abs,p99_99_over_absmax,levels_used_p9999,levels_used_pct
plus_seed0,Plus(csp4),1354637,0.003750034165382385,0.06865310635572337,0.0,16.24825096130371,16.24825096130371,16.24825096130371,5686.058729985793,6.537893293493976,28.125,2,22.425901882769143,0.9976499577321966,0.4183291015625,1.1801402980927378,0.0726318359375,9.441122384741902,3.702400935192903
base_seed0,base,631437,0.26553614334106446,4.2642222716422955,-214.6027069091797,302.43438720703125,302.43438720703125,517.0370941162109,5.363093002494434,37.96567202092081,0.0,-2,12.5347720213693,0.9720392999643239,0.03822900390625,33.65234694443643,0.11127156291721464,16.826173472218215,6.598499400869889
plus_seed1,Plus(csp4),1354637,0.007104210824966431,0.09205225505394425,0.0,19.959991455078125,19.959991455078125,19.959991455078125,2381.988838079795,8.035551426143053,39.453125,2,22.327643930261495,0.9970802517307865,0.770859375,1.8347013629972935,0.0919189453125,14.677610903978348,5.7559258446973915
base_seed1,base,631437,-0.15271396926879882,5.024815672753844,-347.4121398925781,196.01524353027344,347.4121398925781,543.4273834228516,4.64771284169084,810.7615458863647,0.0,-2,14.549410234850823,0.9824569854974419,0.03276708984375,35.68028433434665,0.10270304412902556,17.840142167173326,6.996134183205226
plus_seed2,Plus(csp4),1354637,0.06902771492004395,0.7863810118750106,0.0,11.702449798583984,11.702449798583984,11.702449798583984,136.03715411654974,4.5953612006824,51.5625,3,51.158009108884386,0.9999963083126819,0.78484521484375,10.263928442727774,0.8770751953125,164.2228550836444,64.40111964064486
base_seed2,base,631437,-0.20390056365966797,4.074182210356595,-245.74449157714844,239.03329467773438,245.74449157714844,484.7777862548828,8.698004510555172,173.25318621319641,0.0,-1,17.144217891088978,0.990533016206193,0.81664208984375,36.23379840143025,0.14744500749086006,36.23379840143025,14.209332706443234
base_seed3,base,631437,0.4244751419067383,4.476688913398021,-246.1659698486328,225.56295776367188,246.1659698486328,471.7289276123047,4.757316400835186,74.04116938089093,0.0,-1,18.243364317113453,0.9925568763957484,0.0421416015625,34.65957933105528,0.14079760639688507,34.65957933105528,13.591991894531484
basewide_seed0,Base-Wide,1414845,0.02999391291300456,2.7181739309385633,-231.41241455078125,202.0536651611328,231.41241455078125,433.46607971191406,40.860358162841216,1292.8785177350778,0.0,-1,15.550761875382053,0.9859872138583464,1.3392815755208334,31.24125005491078,0.1350024808113965,31.24125005491078,12.251470609768933
base_seed4,base,631437,0.41809635681152346,4.196234080214327,-238.58761596679688,273.6351623535156,273.6351623535156,512.2227783203125,10.146725829271036,42.81310207322908,0.0,-2,12.43318920952811,0.9714146925794447,4.325599609375,36.937413319945335,0.13498781736327084,18.468706659972668,7.24263006273438
basewide_seed1,Base-Wide,1414845,-0.03308812189737956,1.8851190678966774,-196.8641815185547,367.2774658203125,367.2774658203125,564.1416473388672,166.5091003703435,1489.73671119284,0.0,-2,7.494133866306941,0.9080520153200364,2.1230081380208334,31.1062536444515,0.08469415234875853,15.55312682222575,6.099265420480686
base_seed5,base,631437,0.28240300704956056,2.246990041084821,-219.52928161621094,178.2222900390625,219.52928161621094,397.75157165527344,77.31272886858248,811.5938042970483,0.0,-1,13.575621693618015,0.9791403048391174,1.9942060546875,30.995425080880523,0.14119039087946295,30.995425080880523,12.155068659168833
basewide_seed2,Base-Wide,1414845,-0.03639372464497884,3.5207027120519867,-199.77957153320312,221.0506591796875,221.0506591796875,420.8302307128906,11.137843810588826,1266.3963065832029,0.0,-1,17.26504951532245,0.9906352028938418,3.9263235677083332,27.844787877053022,0.12596564054766546,27.844787877053022,10.919524657667852
plus_seed3,Plus(csp4),1354637,0.00718737967967987,0.11431803431645021,0.0,21.82960319519043,21.82960319519043,21.82960319519043,2300.6501845142175,7.64499435267324,25.0,2,25.79297207988841,0.9986854815958257,0.5144248046875,2.816637033363804,0.1290283203125,22.533096266910434,8.836508339964876
basewide_seed3,Base-Wide,1414845,0.04470331596374512,3.9381894649672895,-262.5086975097656,275.83721923828125,275.83721923828125,538.3459167480469,12.666719606067636,554.9416904988733,0.0,-2,14.17794518637657,0.9810163010628902,0.5530625,33.279262851923704,0.12064819585922341,16.639631425961852,6.525345657239942
plus_seed4,Plus(csp4),1354637,0.017980173301696777,0.2773956120988457,0.0,14.45943832397461,14.45943832397461,14.45943832397461,253.89480008098747,6.0151833408943896,30.859375,3,41.77786812272434,0.9999732421877294,0.40386376953125,4.425025864038616,0.3060302734375,70.80041382461786,27.76486816651681
basewide_seed4,Base-Wide,1414845,-0.00481702507019043,4.666044977125825,-200.25035095214844,247.10537719726562,247.10537719726562,447.35572814941406,7.706678605713547,607.5250965800554,0.0,-1,19.231687846320828,0.9942840250632314,0.0317744140625,35.49606975354254,0.14364750033426357,35.49606975354254,13.92002735433041
plus_seed5,Plus(csp4),1354637,0.00453219256401062,0.0806593279668221,0.0,17.804798126220703,17.804798126220703,17.804798126220703,5291.84985443677,6.684980792439649,28.515625,2,23.052354044098692,0.9975368309753259,0.50495458984375,1.906104486901313,0.1070556640625,15.248835895210505,5.97993564518059
basewide_seed5,Base-Wide,1414845,0.13464292134602865,2.3719495921532108,-284.347900390625,202.57162475585938,284.347900390625,486.9195251464844,41.05179659765192,747.3017440292249,0.0,-2,11.548223889202296,0.9659016453206044,1.8530986328125,26.801232609897852,0.09425507476256889,13.400616304948926,5.255143648999579
base_seed6,base,631437,0.06827901336669921,2.823196459648384,-251.71824645996094,288.30877685546875,288.30877685546875,540.0270233154297,23.777315646621673,352.95498544990136,0.0,-2,10.190734224709786,0.9559949604301702,0.43739599609375,30.552394015714526,0.10597108540691656,15.276197007857263,5.990665493277358
base_seed7,base,631437,0.00012422245025634765,6.308790262357161,-255.3533935546875,263.4122314453125,263.4122314453125,518.765625,1.612344897888872,624.5165558608095,0.0,-2,16.71057545540816,0.9894179912494105,0.02441064453125,32.842695236206055,0.12468173955325453,16.421347618103027,6.439744163961971
base_seed8,base,631437,-0.22776216247558595,4.079553818529907,-228.6524658203125,359.4351501464844,359.4351501464844,588.0876159667969,8.561499114497806,344.77856757239374,0.0,-2,13.197186704164602,0.9779610655886172,0.03867919921875,35.32727663591504,0.09828553668587434,17.66363831795752,6.926916987434322
base_seed9,base,631437,-0.189185283203125,3.0530423771615673,-227.63388061523438,142.90945434570312,227.63388061523438,370.5433349609375,19.618080572077254,205.64821796119298,0.0,-1,15.329774423305821,0.985240645219086,4.71850927734375,31.592663899064064,0.13878717796172266,31.592663899064064,12.38927996041728
plus_deployed,Plus(csp4),1354637,0.0765705990600586,1.2205135527800337,0.0,19.57061767578125,19.57061767578125,19.57061767578125,250.85359947442205,5.8366976784485045,67.1875,2,49.571816134697436,0.9999997624023118,0.39150244140625,19.56822868436575,0.9998779296875,156.545829474926,61.39052136271608
