group,anchors,dataset,variant,seed,precision,mAP50,mAP75,mAP5095
paper,thai-default,ccpd,base,0,FP32,4.10,0.10,0.80
paper,thai-default,ccpd,base,0,INT8,4.50,0.20,1.10
paper,thai-default,ccpd,base,1,FP32,4.30,0.10,0.90
paper,thai-default,ccpd,base,1,INT8,5.20,0.30,1.30
paper,thai-default,ccpd,plus,0,FP32,24.60,1.00,6.40
paper,thai-default,ccpd,plus,0,INT8,27.80,0.80,6.70
paper,thai-default,ccpd,plus,1,FP32,17.50,0.40,4.00
paper,thai-default,ccpd,plus,1,INT8,12.50,0.40,2.90
paper,thai-default,oid,base,0,FP32,0.10,0.00,0.00
paper,thai-default,oid,base,0,INT8,0.10,0.00,0.00
paper,thai-default,oid,base,1,FP32,0.20,0.00,0.00
paper,thai-default,oid,base,1,INT8,0.20,0.00,0.00
paper,thai-default,oid,plus,0,FP32,1.50,1.00,0.70
paper,thai-default,oid,plus,0,INT8,0.30,0.00,0.10
paper,thai-default,oid,plus,1,FP32,1.40,0.00,0.40
paper,thai-default,oid,plus,1,INT8,1.50,0.00,0.30
refit,oid-kmeans,oid,base,0,FP32,7.20,0.10,1.30
refit,oid-kmeans,oid,base,0,INT8,6.00,0.00,1.10
refit,oid-kmeans,oid,base,1,FP32,7.90,0.10,1.50
refit,oid-kmeans,oid,base,1,INT8,6.50,0.00,1.30
refit,oid-kmeans,oid,plus,0,FP32,14.00,0.20,3.20
refit,oid-kmeans,oid,plus,0,INT8,11.70,0.20,2.50
refit,oid-kmeans,oid,plus,1,FP32,15.60,0.30,3.80
refit,oid-kmeans,oid,plus,1,INT8,2.80,0.00,0.50
