dataset,variant,seed,precision,mAP50,mAP75,mAP5095
ccpd,base,0,FP32,4.1,0.10,0.80
ccpd,base,0,INT8,4.53,0.22,1.13
ccpd,base,1,FP32,4.3,0.10,0.90
ccpd,base,1,INT8,5.20,0.26,1.33
ccpd,plus,0,FP32,24.6,1.00,6.40
ccpd,plus,0,INT8,27.80,0.82,6.69
ccpd,plus,1,FP32,17.5,0.40,4.00
ccpd,plus,1,INT8,12.51,0.44,2.93
oid,base,0,FP32,0.1,0.00,0.00
oid,base,0,INT8,0.11,0.00,0.02
oid,base,1,FP32,0.2,0.00,0.00
oid,base,1,INT8,0.19,0.00,0.02
oid,plus,0,FP32,1.5,1.00,0.70
oid,plus,0,INT8,0.27,0.00,0.06
oid,plus,1,FP32,1.4,0.00,0.40
oid,plus,1,INT8,1.51,0.01,0.32
