file,det_ok,iou,correct
test_00010.jpg,True,0.816,1
test_00031.jpg,True,0.7194,1
test_00050.jpg,True,0.7313,1
test_00052.jpg,True,0.8805,1
test_00054.jpg,True,0.8973,1
test_00061.jpg,False,0.0,0
test_00067.jpg,True,0.8379,1
test_00068.jpg,True,0.8396,1
test_00072.jpg,True,0.4547,0
test_00073.jpg,True,0.7134,0
test_00076.jpg,True,0.8624,1
test_00077.jpg,False,0.0,0
test_00085.jpg,False,0.0,0
test_00086.jpg,True,0.722,1
test_00087.jpg,True,0.8933,1
test_00089.jpg,True,0.7529,1
test_00090.jpg,True,0.7298,0
test_00092.jpg,True,0.5125,1
test_00101.jpg,True,0.8486,1
test_00103.jpg,True,0.9072,1
test_00105.jpg,True,0.7861,1
test_00116.jpg,True,0.8094,1
test_00120.jpg,True,0.7945,1
test_00122.jpg,False,0.0,0
test_00123.jpg,True,0.9112,1
test_00133.jpg,False,0.0,0
test_00134.jpg,True,0.8139,1
test_00146.jpg,True,0.8231,1
test_00152.jpg,True,0.8744,1
test_00169.jpg,True,0.7023,1
test_00178.jpg,True,0.8802,1
test_00180.jpg,True,0.7299,1
test_00187.jpg,True,0.8857,1
test_00195.jpg,True,0.6819,1
test_00202.jpg,True,0.7921,1
test_00207.jpg,True,0.7964,0
test_00210.jpg,True,0.8467,1
test_00218.jpg,True,0.8153,1
test_00220.jpg,True,0.8104,1
test_00223.jpg,False,0.0,0
test_00252.jpg,True,0.7491,1
test_00263.jpg,True,0.7893,1
test_00264.jpg,True,0.7044,1
test_00266.jpg,True,0.7354,1
test_00271.jpg,True,0.7625,1
test_00276.jpg,True,0.8439,1
test_00284.jpg,True,0.8075,1
test_00285.jpg,True,0.7517,1
test_00337.jpg,True,0.84,1
test_00340.jpg,True,0.7341,1
test_00375.jpg,True,0.7789,1
test_00376.jpg,True,0.7785,1
test_00392.jpg,True,0.7869,1
test_00393.jpg,True,0.7963,1
test_00406.jpg,True,0.8317,1
test_00413.jpg,True,0.878,1
test_00422.jpg,True,0.7606,1
test_00433.jpg,True,0.8565,1
test_00447.jpg,True,0.7185,1
test_00449.jpg,True,0.8943,1
test_00456.jpg,True,0.7875,1
test_00462.jpg,True,0.8138,1
test_00493.jpg,True,0.8126,0
test_00497.jpg,True,0.468,0
test_00503.jpg,True,0.7145,1
test_00506.jpg,True,0.8582,1
test_00509.jpg,True,0.7937,1
test_00519.jpg,True,0.8242,1
test_00534.jpg,True,0.71,1
test_00550.jpg,True,0.8103,1
test_00553.jpg,True,0.7895,1
test_00556.jpg,True,0.9489,1
test_00557.jpg,True,0.6403,1
test_00559.jpg,True,0.8162,1
test_00572.jpg,True,0.7353,1
test_00591.jpg,True,0.8752,1
test_00599.jpg,True,0.7626,1
test_00600.jpg,True,0.9097,1
test_00605.jpg,True,0.6387,1
test_00616.jpg,True,0.8053,1
test_00618.jpg,True,0.8649,1
test_00619.jpg,True,0.788,1
test_00623.jpg,True,0.4368,0
test_00625.jpg,True,0.9322,1
test_00633.jpg,False,0.0,0
test_00636.jpg,True,0.7087,0
test_00639.jpg,True,0.5634,1
test_00641.jpg,True,0.6917,1
test_00642.jpg,False,0.0,0
test_00657.jpg,True,0.7912,1
test_00663.jpg,True,0.5753,1
test_00664.jpg,True,0.6677,1
test_00670.jpg,True,0.5669,0
test_00674.jpg,True,0.7587,1
test_00677.jpg,True,0.7895,1
test_00681.jpg,True,0.7737,1
test_00685.jpg,False,0.0,0
test_00708.jpg,True,0.5541,1
test_00713.jpg,True,0.8709,1
test_00714.jpg,True,0.8627,1
test_00744.jpg,True,0.8148,1
test_00748.jpg,True,0.7273,1
test_00752.jpg,True,0.839,1
test_00756.jpg,True,0.7805,1
test_00759.jpg,True,0.7862,1
test_00763.jpg,True,0.8315,1
test_00768.jpg,True,0.7781,1
test_00790.jpg,True,0.8084,1
test_00796.jpg,True,0.695,1
test_00799.jpg,False,0.0,0
test_00808.jpg,True,0.9037,1
test_00810.jpg,False,0.0,0
test_00828.jpg,True,0.6438,0
test_00829.jpg,True,0.9042,1
test_00830.jpg,True,0.6513,1
test_00847.jpg,True,0.906,1
test_00854.jpg,True,0.7021,1
test_00864.jpg,True,0.7693,1
test_00891.jpg,True,0.787,0
test_00893.jpg,True,0.8071,1
test_00898.jpg,True,0.8126,1
test_00907.jpg,True,0.7751,0
test_00921.jpg,True,0.6848,1
test_00943.jpg,True,0.8825,0
test_00979.jpg,True,0.7167,1
test_00987.jpg,True,0.8512,1
test_00988.jpg,True,0.8767,1
test_00989.jpg,True,0.7801,1
test_01009.jpg,True,0.7035,1
test_01014.jpg,True,0.8931,1
test_01019.jpg,True,0.8157,1
test_01022.jpg,True,0.7556,1
test_01023.jpg,True,0.7791,1
test_01029.jpg,True,0.7855,0
test_01040.jpg,True,0.7722,1
test_01050.jpg,True,0.8577,1
test_01051.jpg,True,0.7744,1
test_01064.jpg,True,0.8352,1
test_01074.jpg,True,0.667,1
test_01091.jpg,True,0.5895,1
test_01097.jpg,True,0.8245,1
test_01123.jpg,True,0.8538,0
test_01128.jpg,True,0.8721,1
test_01137.jpg,True,0.722,1
test_01153.jpg,True,0.6926,1
test_01162.jpg,True,0.7565,1
test_01165.jpg,True,0.7279,1
test_01172.jpg,True,0.6774,1
test_01175.jpg,True,0.8179,1
test_01176.jpg,True,0.7306,1
test_01178.jpg,True,0.7748,1
test_01185.jpg,True,0.8398,1
test_01191.jpg,True,0.6503,1
test_01195.jpg,True,0.87,1
test_01199.jpg,True,0.7709,1
test_01201.jpg,True,0.688,0
test_01203.jpg,True,0.7181,1
test_01225.jpg,True,0.867,1
test_01230.jpg,True,0.7527,1
test_01231.jpg,True,0.7469,1
test_01254.jpg,True,0.8883,1
test_01257.jpg,True,0.7876,1
test_01258.jpg,True,0.8064,1
test_01271.jpg,True,0.7505,1
test_01297.jpg,True,0.6659,1
test_01299.jpg,True,0.8609,1
test_01303.jpg,True,0.84,1
test_01315.jpg,True,0.9283,1
test_01319.jpg,True,0.7216,0
test_01323.jpg,True,0.7148,1
test_01325.jpg,True,0.8169,1
test_01326.jpg,True,0.7873,1
test_01333.jpg,True,0.7729,1
test_01335.jpg,True,0.7975,1
test_01348.jpg,True,0.8153,1
test_01366.jpg,True,0.8704,1
test_01384.jpg,True,0.9041,1
test_01390.jpg,True,0.6563,1
test_01412.jpg,True,0.7059,1
test_01415.jpg,True,0.9424,1
test_01416.jpg,True,0.9213,1
test_01431.jpg,True,0.8705,1
test_01432.jpg,True,0.8644,1
test_01433.jpg,True,0.7898,1
test_01438.jpg,True,0.8826,1
test_01442.jpg,True,0.8816,1
test_01466.jpg,True,0.8448,1
test_01468.jpg,True,0.8591,1
test_01471.jpg,True,0.7775,1
test_01473.jpg,True,0.7203,1
test_01476.jpg,True,0.7229,1
test_01477.jpg,True,0.882,1
test_01487.jpg,True,0.8605,1
test_01490.jpg,True,0.76,1
test_01501.jpg,False,0.0,0
test_01503.jpg,True,0.7743,1
test_01504.jpg,True,0.5704,0
test_01508.jpg,True,0.9233,1
test_01511.jpg,True,0.9174,1
test_01512.jpg,False,0.0,0
test_01543.jpg,True,0.7376,1
test_01547.jpg,True,0.8135,1
test_01549.jpg,True,0.782,1
test_01557.jpg,True,0.6448,1
test_01562.jpg,False,0.0,0
test_01577.jpg,False,0.0,0
test_01589.jpg,True,0.7626,1
test_01602.jpg,True,0.7948,1
test_01615.jpg,True,0.8007,1
test_01631.jpg,False,0.0,0
test_01642.jpg,True,0.8833,1
test_01651.jpg,True,0.81,1
test_01668.jpg,True,0.8714,1
test_01671.jpg,True,0.5695,0
test_01677.jpg,True,0.6913,0
test_01678.jpg,True,0.8186,1
test_01693.jpg,True,0.8323,0
test_01721.jpg,True,0.7722,1
test_01737.jpg,True,0.8367,1
test_01739.jpg,True,0.5607,1
test_01766.jpg,True,0.5545,1
test_01774.jpg,True,0.826,1
test_01775.jpg,True,0.8307,1
test_01778.jpg,True,0.8376,1
test_01781.jpg,True,0.7335,0
test_01789.jpg,True,0.8528,1
test_01796.jpg,True,0.7129,1
test_01804.jpg,True,0.8638,1
test_01816.jpg,False,0.0,0
test_01818.jpg,True,0.76,1
test_01831.jpg,True,0.8534,1
test_01846.jpg,True,0.8489,1
test_01847.jpg,True,0.5243,0
test_01883.jpg,True,0.7523,0
test_01886.jpg,True,0.902,1
test_01895.jpg,True,0.8598,1
test_01902.jpg,True,0.6871,1
test_01910.jpg,True,0.7835,1
test_01912.jpg,True,0.8608,1
test_01922.jpg,True,0.8772,1
test_01936.jpg,True,0.6693,1
test_01937.jpg,True,0.8589,1
test_01939.jpg,True,0.3067,0
test_01940.jpg,True,0.7517,1
test_01954.jpg,True,0.7306,1
test_01962.jpg,True,0.7521,1
test_01964.jpg,False,0.0,0
test_01967.jpg,True,0.7907,1
test_01973.jpg,True,0.8007,0
test_01982.jpg,True,0.67,0
test_01989.jpg,True,0.7321,1
test_01992.jpg,True,0.8586,1
test_02004.jpg,True,0.8444,1
test_02008.jpg,True,0.8147,1
test_02014.jpg,True,0.77,1
test_02020.jpg,True,0.821,1
test_02034.jpg,True,0.7962,1
test_02041.jpg,True,0.7649,1
test_02051.jpg,True,0.7975,1
test_02065.jpg,True,0.7792,1
test_02071.jpg,True,0.9483,1
test_02079.jpg,True,0.7395,0
test_02081.jpg,True,0.8657,0
test_02094.jpg,True,0.8454,1
test_02105.jpg,True,0.8538,1
test_02125.jpg,True,0.8665,1
test_02128.jpg,True,0.7413,0
test_02140.jpg,True,0.7599,1
test_02145.jpg,True,0.9205,1
test_02156.jpg,True,0.7939,1
test_02159.jpg,True,0.8541,1
test_02163.jpg,True,0.8114,1
test_02166.jpg,True,0.687,1
test_02180.jpg,True,0.8478,1
test_02193.jpg,True,0.8265,1
test_02202.jpg,True,0.7573,0
test_02206.jpg,True,0.7438,1
test_02208.jpg,True,0.8564,1
test_02212.jpg,True,0.7088,1
test_02214.jpg,True,0.6954,1
test_02215.jpg,True,0.7665,1
test_02250.jpg,True,0.3481,0
test_02253.jpg,True,0.8043,1
test_02258.jpg,True,0.4548,1
test_02299.jpg,True,0.8469,1
test_02309.jpg,True,0.7278,1
test_02310.jpg,True,0.7963,1
test_02325.jpg,True,0.8121,1
test_02335.jpg,True,0.8762,1
test_02344.jpg,True,0.8302,1
test_02348.jpg,True,0.4969,1
test_02349.jpg,True,0.8534,1
test_02366.jpg,True,0.8399,1
test_02371.jpg,True,0.8335,1
test_02374.jpg,True,0.8799,1
test_02376.jpg,True,0.6959,1
test_02382.jpg,True,0.8882,1
test_02385.jpg,True,0.8063,1
test_02395.jpg,True,0.8215,1
test_02404.jpg,True,0.6306,1
test_02405.jpg,True,0.8016,0
test_02410.jpg,True,0.3999,0
test_02411.jpg,True,0.8446,1
test_02414.jpg,True,0.6163,1
test_02431.jpg,True,0.7186,1
test_02442.jpg,True,0.8474,1
test_02453.jpg,True,0.7771,1
test_02461.jpg,True,0.7973,0
test_02462.jpg,True,0.8585,1
test_02469.jpg,False,0.0,0
test_02480.jpg,True,0.3447,0
test_02489.jpg,True,0.76,1
test_02496.jpg,True,0.815,1
test_02511.jpg,True,0.8744,1
test_02514.jpg,True,0.6299,1
test_02518.jpg,True,0.8604,1
test_02521.jpg,True,0.757,1
test_02525.jpg,True,0.7619,1
test_02531.jpg,True,0.6766,1
test_02535.jpg,True,0.8384,1
test_02546.jpg,True,0.88,1
test_02552.jpg,True,0.8738,1
test_02560.jpg,True,0.6613,1
test_02561.jpg,True,0.7989,1
test_02567.jpg,True,0.8306,1
test_02568.jpg,True,0.6378,1
test_02573.jpg,True,0.8068,1
test_02582.jpg,True,0.7988,1
test_02625.jpg,False,0.0,0
test_02641.jpg,True,0.2419,0
test_02643.jpg,True,0.7977,1
test_02656.jpg,True,0.8188,0
test_02659.jpg,True,0.8046,1
test_02660.jpg,True,0.7804,1
test_02662.jpg,True,0.7811,1
test_02671.jpg,True,0.7297,0
test_02672.jpg,True,0.8497,1
test_02693.jpg,True,0.7208,0
test_02694.jpg,True,0.6629,1
test_02702.jpg,True,0.8397,1
test_02708.jpg,True,0.8201,1
test_02711.jpg,True,0.8213,1
test_02712.jpg,True,0.7313,1
test_02713.jpg,True,0.9167,1
test_02714.jpg,True,0.7736,1
test_02719.jpg,True,0.7533,1
test_02722.jpg,True,0.7455,1
test_02732.jpg,True,0.6984,1
test_02735.jpg,True,0.7673,1
test_02740.jpg,True,0.8025,1
test_02755.jpg,True,0.8342,1
test_02757.jpg,True,0.7173,1
test_02764.jpg,True,0.8281,0
test_02768.jpg,True,0.7494,1
test_02770.jpg,True,0.7741,1
test_02778.jpg,True,0.8283,1
test_02780.jpg,True,0.8496,1
test_02785.jpg,True,0.8391,1
test_02789.jpg,True,0.7965,1
test_02829.jpg,True,0.7414,1
test_02847.jpg,True,0.9313,1
test_02848.jpg,True,0.7228,1
test_02850.jpg,True,0.9074,1
test_02851.jpg,True,0.8135,0
test_02854.jpg,True,0.8448,1
test_02860.jpg,True,0.8373,1
test_02879.jpg,True,0.766,1
test_02907.jpg,True,0.8746,1
test_02908.jpg,True,0.8156,1
test_02909.jpg,True,0.78,1
test_02911.jpg,True,0.8471,1
test_02919.jpg,True,0.7336,1
test_02935.jpg,True,0.7789,1
test_02941.jpg,True,0.6647,1
test_02948.jpg,True,0.6245,0
test_02959.jpg,True,0.8073,1
test_02970.jpg,True,0.8119,0
test_02978.jpg,True,0.714,1
test_02979.jpg,True,0.7229,1
test_02986.jpg,True,0.8556,1
test_02988.jpg,True,0.7994,1
test_02997.jpg,True,0.8102,0
test_03003.jpg,True,0.6495,1
test_03008.jpg,True,0.7749,1
test_03010.jpg,True,0.8524,1
test_03043.jpg,True,0.5061,1
test_03058.jpg,True,0.7424,1
test_03065.jpg,True,0.7359,0
test_03087.jpg,True,0.8398,1
test_03090.jpg,True,0.8758,1
test_03094.jpg,True,0.8662,1
test_03096.jpg,True,0.8962,1
test_03098.jpg,True,0.8162,1
test_03115.jpg,True,0.8086,1
test_03121.jpg,True,0.8244,1
test_03122.jpg,True,0.7445,1
test_03133.jpg,True,0.9076,1
test_03140.jpg,True,0.7163,1
test_03153.jpg,True,0.6661,1
test_03158.jpg,True,0.7986,1
test_03171.jpg,True,0.733,1
test_03172.jpg,True,0.8071,1
test_03182.jpg,True,0.8347,0
test_03208.jpg,True,0.8044,1
test_03246.jpg,False,0.0,0
test_03257.jpg,True,0.7364,1
test_03260.jpg,True,0.7865,1
test_03264.jpg,True,0.7882,1
test_03266.jpg,True,0.84,1
test_03276.jpg,True,0.7982,1
test_03284.jpg,True,0.6981,1
test_03290.jpg,True,0.7656,1
test_03291.jpg,True,0.9146,1
test_03304.jpg,True,0.807,1
test_03314.jpg,True,0.7273,1
test_03315.jpg,True,0.7584,1
test_03330.jpg,True,0.8219,1
test_03336.jpg,True,0.4925,1
test_03346.jpg,True,0.8283,1
test_03350.jpg,True,0.6582,1
test_03351.jpg,True,0.6848,1
test_03383.jpg,True,0.6817,1
test_03386.jpg,True,0.755,1
test_03390.jpg,True,0.5826,1
test_03393.jpg,True,0.5383,0
test_03399.jpg,True,0.6656,1
test_03400.jpg,True,0.8062,1
test_03415.jpg,True,0.7199,1
test_03430.jpg,True,0.8512,1
test_03437.jpg,True,0.8922,1
test_03438.jpg,True,0.8338,1
test_03444.jpg,True,0.7625,1
test_03454.jpg,True,0.8432,1
test_03457.jpg,True,0.812,1
test_03458.jpg,True,0.7409,1
test_03496.jpg,True,0.7915,1
test_03503.jpg,True,0.8059,1
test_03507.jpg,True,0.7594,1
test_03512.jpg,True,0.85,1
test_03533.jpg,True,0.5746,1
test_03544.jpg,True,0.8013,1
test_03553.jpg,False,0.0,0
test_03554.jpg,True,0.7572,1
test_03560.jpg,True,0.7771,1
test_03568.jpg,True,0.916,1
test_03570.jpg,True,0.7696,1
test_03584.jpg,True,0.8742,1
test_03586.jpg,True,0.6482,1
test_03591.jpg,True,0.7577,0
test_03594.jpg,True,0.7188,1
test_03600.jpg,True,0.602,1
test_03602.jpg,True,0.8158,1
test_03604.jpg,True,0.8836,1
test_03607.jpg,True,0.6676,1
test_03620.jpg,True,0.8888,1
test_03638.jpg,True,0.7496,0
test_03647.jpg,True,0.6942,1
test_03660.jpg,True,0.7857,1
test_03670.jpg,True,0.6893,0
test_03678.jpg,True,0.7589,1
test_03681.jpg,True,0.7933,1
test_03694.jpg,True,0.651,1
test_03707.jpg,True,0.5654,1
test_03720.jpg,True,0.8727,1
test_03721.jpg,True,0.7448,1
test_03732.jpg,True,0.7386,0
test_03751.jpg,True,0.6628,1
test_03768.jpg,True,0.7611,1
test_03783.jpg,True,0.7496,1
test_03798.jpg,True,0.7921,0
test_03801.jpg,True,0.7925,1
test_03820.jpg,True,0.8116,1
test_03825.jpg,True,0.5296,0
test_03841.jpg,True,0.8996,1
test_03862.jpg,True,0.7306,1
test_03866.jpg,True,0.8364,1
test_03870.jpg,True,0.7585,1
test_03878.jpg,True,0.8741,0
test_03887.jpg,True,0.8396,1
test_03888.jpg,True,0.7233,1
test_03890.jpg,True,0.8396,1
test_03895.jpg,True,0.7639,1
test_03904.jpg,True,0.8157,1
test_03909.jpg,True,0.756,1
test_03910.jpg,True,0.8824,1
test_03921.jpg,True,0.7266,1
test_03922.jpg,True,0.859,1
test_03931.jpg,True,0.8303,1
test_03971.jpg,True,0.8171,1
test_03975.jpg,True,0.8493,1
test_03979.jpg,True,0.7411,1
test_03982.jpg,True,0.7181,1
test_03985.jpg,False,0.0,0
test_03988.jpg,True,0.8372,0
test_03989.jpg,True,0.6569,0
test_04019.jpg,True,0.775,1
test_04029.jpg,True,0.4878,1
test_04038.jpg,True,0.8333,1
test_04054.jpg,True,0.6664,1
test_04061.jpg,True,0.6657,1
test_04066.jpg,True,0.7771,1
test_04091.jpg,True,0.6915,1
test_04102.jpg,True,0.7318,1
test_04105.jpg,True,0.7306,1
test_04111.jpg,True,0.8724,1
test_04119.jpg,True,0.7376,1
test_04125.jpg,True,0.8287,1
test_04133.jpg,True,0.8396,1
test_04135.jpg,True,0.8183,1
test_04136.jpg,True,0.772,1
test_04138.jpg,True,0.8562,1
test_04160.jpg,True,0.8756,1
test_04161.jpg,True,0.7894,1
test_04181.jpg,True,0.6016,0
test_04184.jpg,True,0.5347,0
test_04186.jpg,True,0.7923,1
test_04188.jpg,True,0.7877,1
test_04235.jpg,True,0.7435,1
test_04236.jpg,True,0.7148,1
test_04247.jpg,True,0.7495,1
test_04249.jpg,True,0.8138,1
test_04259.jpg,True,0.7585,1
test_04269.jpg,True,0.8255,1
test_04282.jpg,True,0.7692,1
test_04287.jpg,True,0.8239,1
test_04289.jpg,True,0.7227,1
test_04290.jpg,True,0.8396,1
test_04292.jpg,True,0.7839,1
test_04302.jpg,True,0.9279,1
test_04304.jpg,True,0.8296,1
test_04326.jpg,True,0.7442,1
test_04346.jpg,True,0.8437,1
test_04357.jpg,True,0.7699,1
test_04359.jpg,True,0.6946,1
test_04368.jpg,True,0.8168,0
test_04375.jpg,True,0.7731,1
test_04384.jpg,True,0.7864,0
test_04386.jpg,True,0.818,1
test_04399.jpg,True,0.7689,1
test_04402.jpg,True,0.8559,1
test_04405.jpg,True,0.7391,1
test_04409.jpg,True,0.8359,1
test_04420.jpg,True,0.7606,1
test_04421.jpg,True,0.7667,1
test_04423.jpg,True,0.7986,1
test_04454.jpg,True,0.8679,1
test_04459.jpg,True,0.7604,0
test_04461.jpg,True,0.8571,1
test_04462.jpg,True,0.6135,1
test_04472.jpg,True,0.7496,1
test_04475.jpg,True,0.8117,1
test_04479.jpg,True,0.7369,1
test_04485.jpg,True,0.7003,1
test_04490.jpg,True,0.8089,1
test_04502.jpg,True,0.9154,1
test_04506.jpg,True,0.7921,1
test_04515.jpg,True,0.6923,1
test_04520.jpg,True,0.8691,1
test_04524.jpg,True,0.7992,1
test_04529.jpg,True,0.7923,1
test_04532.jpg,True,0.7684,1
test_04538.jpg,True,0.7589,1
test_04542.jpg,True,0.8733,1
test_04543.jpg,True,0.6053,0
test_04547.jpg,True,0.6914,1
test_04548.jpg,True,0.8742,1
test_04557.jpg,True,0.5415,1
test_04565.jpg,True,0.7893,1
test_04572.jpg,True,0.4713,0
test_04595.jpg,True,0.7712,1
test_04600.jpg,True,0.8875,1
test_04603.jpg,True,0.7387,0
test_04615.jpg,True,0.8048,1
test_04620.jpg,True,0.7535,1
test_04622.jpg,True,0.7497,1
test_04636.jpg,True,0.7449,0
test_04638.jpg,True,0.618,1
test_04646.jpg,True,0.8906,1
test_04649.jpg,True,0.8188,1
test_04659.jpg,True,0.7718,0
test_04667.jpg,True,0.8085,1
test_04668.jpg,False,0.0,0
test_04678.jpg,True,0.8278,1
test_04684.jpg,True,0.7285,0
test_04694.jpg,True,0.7546,1
test_04697.jpg,True,0.7498,1
test_04701.jpg,True,0.5302,1
test_04706.jpg,True,0.7385,1
test_04711.jpg,True,0.828,1
test_04719.jpg,True,0.7773,1
test_04740.jpg,True,0.4563,0
test_04747.jpg,True,0.6732,1
test_04758.jpg,True,0.7347,1
test_04761.jpg,True,0.9038,1
test_04771.jpg,True,0.7731,1
test_04772.jpg,True,0.6984,1
test_04780.jpg,True,0.9292,1
test_04782.jpg,True,0.6569,1
test_04796.jpg,False,0.0,0
test_04800.jpg,True,0.8759,1
test_04804.jpg,True,0.717,1
test_04809.jpg,True,0.8612,0
test_04841.jpg,True,0.7498,0
test_04849.jpg,True,0.8556,1
test_04855.jpg,True,0.5653,0
test_04868.jpg,True,0.8249,1
test_04869.jpg,True,0.49,1
test_04888.jpg,True,0.8186,1
test_04903.jpg,True,0.7027,0
test_04905.jpg,True,0.6865,1
test_04911.jpg,True,0.6984,1
test_04934.jpg,True,0.7547,1
test_04936.jpg,True,0.3297,1
test_04937.jpg,True,0.7924,1
test_04956.jpg,True,0.866,1
test_04979.jpg,True,0.7059,1
test_04991.jpg,True,0.6952,1
test_05014.jpg,True,0.7988,1
test_05018.jpg,True,0.8553,1
test_05027.jpg,True,0.747,1
test_05048.jpg,True,0.8684,1
test_05051.jpg,True,0.6268,1
test_05058.jpg,True,0.8666,1
test_05064.jpg,True,0.8649,1
test_05070.jpg,True,0.8343,1
test_05073.jpg,True,0.7531,1
test_05082.jpg,True,0.8095,1
test_05083.jpg,True,0.8002,1
test_05091.jpg,True,0.7819,1
test_05098.jpg,True,0.7843,1
test_05100.jpg,True,0.6849,0
test_05104.jpg,True,0.7367,1
test_05118.jpg,True,0.7204,1
test_05140.jpg,True,0.8578,1
test_05141.jpg,True,0.8753,1
test_05144.jpg,True,0.7941,1
test_05158.jpg,True,0.7921,1
test_05161.jpg,True,0.7673,1
test_05174.jpg,True,0.8443,1
test_05180.jpg,True,0.8926,1
test_05184.jpg,True,0.769,1
test_05194.jpg,True,0.8152,1
test_05196.jpg,True,0.6992,1
test_05211.jpg,True,0.3254,0
test_05215.jpg,True,0.8981,1
test_05225.jpg,True,0.7271,1
test_05229.jpg,True,0.8271,1
test_05237.jpg,True,0.7366,1
