file,det_ok,correct_det_last,correct_det_aug,correct_gt_last,correct_gt_aug
test_00010,1,1,1,1,1
test_00031,1,1,1,1,1
test_00050,1,1,0,1,1
test_00052,1,1,1,1,1
test_00054,1,1,1,1,1
test_00061,0,0,0,1,1
test_00067,1,1,1,1,1
test_00068,1,1,1,1,1
test_00072,1,0,0,1,1
test_00073,1,0,0,1,1
test_00076,1,1,1,1,1
test_00077,0,0,0,1,1
test_00085,0,0,0,0,0
test_00086,1,0,1,1,1
test_00087,1,1,1,1,1
test_00089,1,1,1,1,1
test_00090,1,1,1,1,1
test_00092,1,0,1,1,1
test_00101,1,0,1,0,1
test_00103,1,1,1,1,1
test_00105,1,1,1,1,1
test_00116,1,1,1,1,1
test_00120,1,1,1,1,1
test_00122,0,0,0,0,0
test_00123,1,1,1,1,1
test_00133,0,0,0,1,1
test_00134,1,1,1,1,1
test_00146,1,1,1,1,1
test_00152,1,1,1,1,1
test_00169,1,1,1,1,1
test_00178,1,1,1,1,1
test_00180,1,1,1,1,1
test_00187,1,1,1,1,1
test_00195,1,1,1,1,1
test_00202,1,1,1,1,1
test_00207,1,1,1,1,1
test_00210,1,1,1,1,1
test_00218,1,1,1,1,1
test_00220,1,1,1,1,1
test_00223,0,0,0,1,1
test_00252,1,0,1,1,1
test_00263,1,1,1,1,1
test_00264,1,1,1,1,1
test_00266,1,1,1,1,1
test_00271,1,1,1,1,1
test_00276,1,1,1,1,1
test_00284,1,1,1,1,1
test_00285,1,1,1,1,1
test_00337,1,1,1,1,1
test_00340,1,1,1,1,1
test_00375,1,1,1,1,1
test_00376,1,1,1,1,1
test_00392,1,1,1,1,1
test_00393,1,1,1,1,1
test_00406,1,1,1,1,1
test_00413,1,1,1,1,1
test_00422,1,0,1,1,1
test_00433,1,1,1,1,1
test_00447,1,1,1,1,1
test_00449,1,1,1,1,1
test_00456,1,1,1,1,1
test_00462,1,1,1,1,1
test_00493,1,1,1,1,1
test_00497,1,0,0,1,1
test_00503,1,1,1,1,1
test_00506,1,1,1,1,1
test_00509,1,1,1,1,1
test_00519,1,1,1,1,1
test_00534,1,1,1,1,1
test_00550,1,1,1,1,1
test_00553,1,1,1,1,1
test_00556,1,1,1,1,1
test_00557,1,1,1,1,1
test_00559,1,1,1,1,1
test_00572,1,1,1,1,1
test_00591,1,1,1,1,1
test_00599,1,1,1,1,1
test_00600,1,1,1,1,1
test_00605,1,1,1,1,1
test_00616,1,1,1,1,1
test_00618,1,1,1,1,1
test_00619,1,1,1,1,1
test_00623,1,0,0,1,1
test_00625,1,1,1,1,1
test_00633,0,0,0,0,0
test_00636,1,0,0,0,0
test_00639,1,1,1,1,1
test_00641,1,1,1,1,1
test_00642,0,0,0,0,0
test_00657,1,1,1,1,1
test_00663,1,1,1,1,1
test_00664,1,1,1,1,1
test_00670,1,0,0,1,1
test_00674,1,1,1,1,1
test_00677,1,1,1,1,1
test_00681,1,1,1,1,1
test_00685,0,0,0,0,0
test_00708,1,1,1,1,1
test_00713,1,1,1,1,1
test_00714,1,1,1,1,1
test_00744,1,1,1,1,1
test_00748,1,1,1,1,1
test_00752,1,1,1,1,1
test_00756,1,1,1,1,1
test_00759,1,1,1,1,1
test_00763,1,1,1,1,1
test_00768,1,1,1,1,1
test_00790,1,1,1,1,1
test_00796,1,1,1,1,1
test_00799,0,0,0,0,0
test_00808,1,1,1,1,1
test_00810,0,0,0,1,1
test_00828,1,0,0,0,0
test_00829,1,1,1,1,1
test_00830,1,1,1,1,1
test_00847,1,1,1,1,1
test_00854,1,1,1,1,1
test_00864,1,1,1,1,1
test_00891,1,1,0,1,1
test_00893,1,1,1,1,1
test_00898,1,1,1,1,1
test_00907,1,0,0,0,0
test_00921,1,1,1,1,1
test_00943,1,0,0,0,0
test_00979,1,1,1,1,1
test_00987,1,1,1,1,1
test_00988,1,1,1,1,1
test_00989,1,1,1,1,1
test_01009,1,1,1,1,1
test_01014,1,1,1,1,1
test_01019,1,1,1,1,1
test_01022,1,1,1,0,1
test_01023,1,1,1,1,1
test_01029,1,0,0,1,1
test_01040,1,1,1,1,1
test_01050,1,1,1,1,1
test_01051,1,1,1,1,1
test_01064,1,1,1,1,1
test_01074,1,0,0,1,1
test_01091,1,1,1,1,1
test_01097,1,1,1,1,1
test_01123,1,0,0,0,0
test_01128,1,1,1,1,1
test_01137,1,1,1,1,1
test_01153,1,1,1,1,1
test_01162,1,1,1,1,1
test_01165,1,1,1,1,1
test_01172,1,0,1,1,1
test_01175,1,1,1,1,1
test_01176,1,1,1,1,1
test_01178,1,1,1,1,1
test_01185,1,1,1,1,1
test_01191,1,1,1,1,1
test_01195,1,1,1,1,1
test_01199,1,1,1,1,1
test_01201,1,1,0,0,0
test_01203,1,1,1,1,1
test_01225,1,1,1,1,1
test_01230,1,1,1,1,1
test_01231,1,1,1,1,1
test_01254,1,1,1,1,1
test_01257,1,1,1,1,1
test_01258,1,1,1,1,1
test_01271,1,1,1,1,1
test_01297,1,1,1,1,1
test_01299,1,1,1,1,1
test_01303,1,1,1,1,1
test_01315,1,1,1,1,1
test_01319,1,1,1,1,1
test_01323,1,1,1,1,1
test_01325,1,1,1,1,1
test_01326,1,1,1,1,1
test_01333,1,1,1,1,1
test_01335,1,1,1,1,1
test_01348,1,1,1,1,1
test_01366,1,1,1,1,1
test_01384,1,1,1,1,1
test_01390,1,1,1,1,1
test_01412,1,1,1,1,1
test_01415,1,1,1,1,1
test_01416,1,1,1,1,1
test_01431,1,1,1,1,1
test_01432,1,1,1,1,1
test_01433,1,1,1,1,1
test_01438,1,1,1,1,1
test_01442,1,1,1,1,1
test_01466,1,1,1,1,1
test_01468,1,1,1,1,1
test_01471,1,1,1,1,1
test_01473,1,1,1,1,1
test_01476,1,1,1,1,1
test_01477,1,1,1,1,1
test_01487,1,1,1,1,1
test_01490,1,1,1,1,1
test_01501,0,0,0,0,0
test_01503,1,1,1,1,1
test_01504,1,0,0,1,1
test_01508,1,1,1,1,1
test_01511,1,1,1,1,1
test_01512,0,0,0,1,1
test_01543,1,1,1,1,1
test_01547,1,1,1,1,1
test_01549,1,0,0,1,1
test_01557,1,1,1,1,1
test_01562,0,0,0,1,1
test_01577,0,0,0,1,1
test_01589,1,1,1,1,1
test_01602,1,1,1,1,1
test_01615,1,1,1,1,1
test_01631,1,0,0,1,1
test_01642,1,1,1,1,1
test_01651,1,1,1,1,1
test_01668,1,1,1,1,1
test_01671,0,0,0,1,1
test_01677,1,1,1,1,1
test_01678,1,1,1,1,1
test_01693,1,1,0,0,0
test_01721,1,1,1,1,1
test_01737,1,1,1,1,1
test_01739,1,0,1,1,1
test_01766,1,1,1,1,1
test_01774,1,1,1,1,1
test_01775,1,1,1,1,1
test_01778,1,1,1,1,1
test_01781,1,0,0,1,1
test_01789,1,1,1,1,1
test_01796,1,1,1,1,1
test_01804,1,1,1,1,1
test_01816,0,0,0,1,1
test_01818,1,1,1,1,1
test_01831,1,1,1,1,1
test_01846,1,1,1,1,1
test_01847,1,0,0,0,0
test_01883,1,1,1,1,1
test_01886,1,1,1,1,1
test_01895,1,1,1,1,1
test_01902,1,1,1,1,1
test_01910,1,1,1,1,1
test_01912,1,1,1,1,1
test_01922,1,1,1,1,1
test_01936,1,1,1,1,1
test_01937,1,0,1,1,1
test_01939,1,0,0,1,1
test_01940,1,1,1,1,1
test_01954,1,1,1,1,1
test_01962,1,1,1,1,1
test_01964,0,0,0,1,1
test_01967,1,1,1,1,1
test_01973,1,1,1,1,1
test_01982,1,0,0,0,0
test_01989,1,1,1,1,1
test_01992,1,1,1,1,1
test_02004,1,1,1,1,1
test_02008,1,1,1,1,1
test_02014,1,1,1,1,1
test_02020,1,1,1,1,1
test_02034,1,1,1,1,1
test_02041,1,1,1,1,1
test_02051,1,1,1,1,1
test_02065,1,1,1,1,1
test_02071,1,1,1,1,1
test_02079,1,1,1,1,1
test_02081,1,1,1,1,1
test_02094,1,1,1,1,1
test_02105,1,1,1,1,1
test_02125,1,1,1,1,1
test_02128,1,1,1,1,1
test_02140,1,1,1,1,1
test_02145,1,1,1,1,1
test_02156,1,1,1,1,1
test_02159,1,1,1,1,1
test_02163,1,1,1,1,1
test_02166,1,1,1,1,1
test_02180,1,1,1,1,1
test_02193,1,1,1,1,1
test_02202,1,0,0,1,1
test_02206,1,1,1,1,1
test_02208,1,1,1,1,1
test_02212,1,1,1,1,1
test_02214,1,1,1,1,1
test_02215,1,1,1,1,1
test_02250,0,0,0,1,1
test_02253,1,1,1,1,1
test_02258,1,1,1,1,1
test_02299,1,1,1,1,1
test_02309,1,1,1,1,1
test_02310,1,1,1,1,1
test_02325,1,1,1,1,1
test_02335,1,1,1,1,1
test_02344,1,1,1,1,1
test_02348,1,1,1,1,1
test_02349,1,1,1,1,1
test_02366,1,1,1,1,1
test_02371,1,1,1,1,1
test_02374,1,1,1,1,1
test_02376,1,1,1,1,1
test_02382,1,1,1,1,1
test_02385,1,1,1,1,1
test_02395,1,1,1,1,1
test_02404,1,1,1,1,1
test_02405,1,1,1,1,1
test_02410,0,0,0,0,0
test_02411,1,1,1,1,1
test_02414,1,0,1,1,1
test_02431,1,0,1,1,1
test_02442,1,1,1,1,1
test_02453,1,1,1,1,1
test_02461,1,0,0,0,0
test_02462,1,1,1,1,1
test_02469,0,0,0,1,1
test_02480,0,0,0,1,1
test_02489,1,1,1,1,1
test_02496,1,1,1,1,1
test_02511,1,1,1,1,1
test_02514,1,1,1,1,1
test_02518,1,1,1,1,1
test_02521,1,1,1,1,1
test_02525,1,1,1,1,1
test_02531,1,1,1,1,1
test_02535,1,1,1,1,1
test_02546,1,1,1,1,1
test_02552,1,1,1,1,1
test_02560,1,1,1,1,1
test_02561,1,1,1,1,1
test_02567,1,1,1,1,1
test_02568,1,1,1,1,1
test_02573,1,1,1,1,1
test_02582,1,1,1,1,1
test_02625,0,0,0,1,1
test_02641,0,0,0,0,0
test_02643,1,1,1,1,1
test_02656,1,0,0,0,0
test_02659,1,1,1,1,1
test_02660,1,1,1,1,1
test_02662,1,1,1,1,1
test_02671,1,0,0,0,0
test_02672,1,1,1,1,1
test_02693,1,0,0,0,0
test_02694,1,1,1,1,1
test_02702,1,1,1,1,1
test_02708,1,1,1,1,1
test_02711,1,1,1,1,1
test_02712,1,1,1,1,1
test_02713,1,1,1,1,1
test_02714,1,1,1,1,1
test_02719,1,1,1,1,1
test_02722,1,1,1,1,1
test_02732,1,0,1,1,1
test_02735,1,1,1,1,1
test_02740,1,1,1,1,1
test_02755,1,1,1,1,1
test_02757,1,1,1,1,1
test_02764,1,0,0,0,0
test_02768,1,1,1,1,1
test_02770,1,1,1,1,1
test_02778,1,1,1,1,1
test_02780,1,1,1,1,1
test_02785,1,1,1,1,1
test_02789,1,1,1,1,1
test_02829,1,0,0,0,0
test_02847,1,1,1,1,1
test_02848,1,1,1,1,1
test_02850,1,1,1,1,1
test_02851,1,0,0,1,1
test_02854,1,1,1,1,1
test_02860,1,1,1,1,1
test_02879,1,1,1,1,1
test_02907,1,1,1,1,1
test_02908,1,1,1,1,1
test_02909,1,1,1,1,1
test_02911,1,1,1,1,1
test_02919,1,1,1,1,1
test_02935,1,1,1,1,1
test_02941,1,1,1,1,1
test_02948,1,0,0,0,0
test_02959,1,1,1,1,1
test_02970,1,0,0,0,0
test_02978,1,1,1,1,1
test_02979,1,1,1,1,1
test_02986,1,1,1,1,1
test_02988,1,1,1,1,1
test_02997,1,0,0,0,0
test_03003,1,1,1,1,1
test_03008,1,1,1,1,1
test_03010,1,1,1,1,1
test_03043,0,0,0,1,1
test_03058,1,1,1,1,1
test_03065,1,1,1,1,1
test_03087,1,1,1,1,1
test_03090,1,1,1,1,1
test_03094,1,1,1,1,1
test_03096,1,1,1,1,1
test_03098,1,1,1,1,1
test_03115,1,1,1,1,1
test_03121,1,1,1,1,1
test_03122,1,1,1,1,1
test_03133,1,1,1,1,1
test_03140,1,1,1,1,1
test_03153,1,1,1,1,1
test_03158,1,0,1,1,1
test_03171,1,1,1,1,1
test_03172,1,1,1,1,1
test_03182,1,1,0,0,0
test_03208,1,1,1,1,1
test_03246,0,0,0,0,0
test_03257,1,1,1,1,1
test_03260,1,1,1,1,1
test_03264,1,1,1,1,1
test_03266,1,1,1,1,1
test_03276,1,1,1,1,1
test_03284,1,1,1,1,1
test_03290,1,1,1,1,1
test_03291,1,1,1,1,1
test_03304,1,1,1,1,1
test_03314,1,1,1,1,1
test_03315,1,1,1,1,1
test_03330,1,1,1,1,1
test_03336,1,1,1,1,1
test_03346,1,1,1,1,1
test_03350,1,1,1,1,1
test_03351,1,1,1,1,1
test_03383,1,1,1,1,1
test_03386,1,1,1,1,1
test_03390,1,1,1,1,1
test_03393,1,0,0,1,1
test_03399,1,1,1,1,1
test_03400,1,1,1,1,1
test_03415,1,1,1,1,1
test_03430,1,1,1,1,1
test_03437,1,1,1,1,1
test_03438,1,1,1,1,1
test_03444,1,1,1,1,1
test_03454,1,1,1,1,1
test_03457,1,1,1,1,1
test_03458,1,1,1,1,1
test_03496,1,1,1,1,1
test_03503,1,1,1,1,1
test_03507,1,1,1,1,1
test_03512,1,1,1,1,1
test_03533,1,0,1,1,1
test_03544,1,1,1,1,1
test_03553,0,0,0,1,1
test_03554,1,1,1,1,1
test_03560,1,1,1,1,1
test_03568,1,1,0,1,1
test_03570,1,1,1,1,1
test_03584,1,1,1,1,1
test_03586,1,0,1,1,1
test_03591,1,1,1,1,1
test_03594,1,1,1,1,1
test_03600,1,1,1,1,1
test_03602,1,1,1,1,1
test_03604,1,1,1,1,1
test_03607,1,1,1,1,1
test_03620,1,1,1,1,1
test_03638,1,0,0,1,1
test_03647,1,1,1,1,1
test_03660,1,1,1,1,1
test_03670,1,0,1,1,1
test_03678,1,1,1,1,1
test_03681,1,1,1,1,1
test_03694,1,1,1,1,1
test_03707,1,1,1,1,1
test_03720,1,1,1,1,1
test_03721,1,1,1,1,1
test_03732,1,0,0,1,1
test_03751,1,1,1,1,1
test_03768,1,1,1,1,1
test_03783,1,1,1,1,1
test_03798,1,0,0,0,0
test_03801,1,1,1,1,1
test_03820,1,1,1,1,1
test_03825,1,0,0,1,1
test_03841,1,1,1,1,1
test_03862,1,0,1,1,1
test_03866,1,1,1,1,1
test_03870,1,1,1,1,1
test_03878,1,0,0,0,0
test_03887,1,1,1,1,1
test_03888,1,1,1,1,1
test_03890,1,1,1,1,1
test_03895,1,1,1,1,1
test_03904,1,1,1,1,1
test_03909,1,1,1,1,1
test_03910,1,1,1,1,1
test_03921,1,1,1,1,1
test_03922,1,1,1,1,1
test_03931,1,1,1,1,1
test_03971,1,1,1,1,1
test_03975,1,1,1,1,1
test_03979,1,1,1,1,1
test_03982,1,1,1,1,1
test_03985,0,0,0,1,1
test_03988,1,0,0,0,0
test_03989,1,0,0,1,1
test_04019,1,0,1,1,1
test_04029,0,0,0,1,1
test_04038,1,1,1,1,1
test_04054,1,0,1,1,1
test_04061,1,1,1,1,1
test_04066,1,1,1,1,1
test_04091,1,1,1,1,1
test_04102,1,1,1,1,1
test_04105,1,1,1,1,1
test_04111,1,1,1,1,1
test_04119,1,1,1,1,1
test_04125,1,1,1,1,1
test_04133,1,1,1,1,1
test_04135,1,1,1,1,1
test_04136,1,1,1,1,1
test_04138,1,1,1,1,1
test_04160,1,1,1,1,1
test_04161,1,1,1,1,1
test_04181,1,1,0,1,1
test_04184,1,0,0,1,1
test_04186,1,1,1,1,1
test_04188,1,1,1,1,1
test_04235,1,1,1,1,1
test_04236,1,0,1,1,1
test_04247,1,1,1,1,1
test_04249,1,1,1,1,1
test_04259,1,1,1,1,1
test_04269,1,1,1,1,1
test_04282,1,1,1,1,1
test_04287,1,1,1,1,1
test_04289,1,1,1,1,1
test_04290,1,1,1,1,1
test_04292,1,1,1,1,1
test_04302,1,1,1,1,1
test_04304,1,1,1,1,1
test_04326,1,1,1,1,1
test_04346,1,1,1,1,1
test_04357,1,1,1,1,1
test_04359,1,1,1,1,1
test_04368,1,0,0,0,0
test_04375,1,1,1,1,1
test_04384,1,1,0,1,1
test_04386,1,1,1,1,1
test_04399,1,1,1,1,1
test_04402,1,1,1,1,1
test_04405,1,1,1,1,1
test_04409,1,1,1,1,1
test_04420,1,1,1,1,1
test_04421,1,1,1,1,1
test_04423,1,1,1,1,1
test_04454,1,1,1,1,1
test_04459,1,1,1,1,1
test_04461,1,1,1,1,1
test_04462,1,1,1,1,1
test_04472,1,1,1,1,1
test_04475,1,1,1,1,1
test_04479,1,1,1,1,1
test_04485,1,1,1,1,1
test_04490,1,1,1,1,1
test_04502,1,1,1,1,1
test_04506,1,1,1,1,1
test_04515,1,1,1,1,1
test_04520,1,1,1,1,1
test_04524,1,1,1,1,1
test_04529,1,1,1,1,1
test_04532,1,1,1,1,1
test_04538,1,1,1,1,1
test_04542,1,1,1,1,1
test_04543,1,0,0,0,0
test_04547,1,1,1,1,1
test_04548,1,1,1,1,1
test_04557,1,1,1,0,0
test_04565,1,1,1,1,1
test_04572,1,0,0,1,1
test_04595,1,1,1,1,1
test_04600,1,1,1,1,1
test_04603,1,0,1,1,1
test_04615,1,1,1,1,1
test_04620,1,1,1,1,1
test_04622,1,1,1,1,1
test_04636,1,0,0,0,0
test_04638,1,1,1,1,1
test_04646,1,1,1,1,1
test_04649,1,1,1,1,1
test_04659,1,1,1,1,1
test_04667,1,1,1,1,1
test_04668,0,0,0,1,1
test_04678,1,1,1,1,1
test_04684,1,0,0,0,0
test_04694,1,1,1,1,1
test_04697,1,1,1,1,1
test_04701,1,1,1,1,1
test_04706,1,1,1,1,1
test_04711,1,1,1,1,1
test_04719,1,1,1,1,1
test_04740,0,0,0,1,1
test_04747,1,1,1,1,1
test_04758,1,1,1,1,1
test_04761,1,1,1,1,1
test_04771,1,0,1,1,1
test_04772,1,1,1,1,1
test_04780,1,1,1,1,1
test_04782,1,1,1,1,1
test_04796,0,0,0,1,1
test_04800,1,1,1,1,1
test_04804,1,1,1,1,1
test_04809,1,0,0,0,0
test_04841,1,1,0,1,1
test_04849,1,1,1,1,1
test_04855,1,0,0,1,1
test_04868,1,1,1,1,1
test_04869,1,1,1,1,1
test_04888,1,1,1,1,1
test_04903,1,1,1,1,1
test_04905,1,1,1,1,1
test_04911,1,1,1,1,1
test_04934,1,1,1,1,1
test_04936,1,0,0,1,1
test_04937,1,1,1,1,1
test_04956,1,1,1,1,1
test_04979,1,1,1,1,1
test_04991,1,1,1,1,1
test_05014,1,1,1,1,1
test_05018,1,1,1,1,1
test_05027,1,1,1,1,1
test_05048,1,1,1,1,1
test_05051,1,1,1,1,1
test_05058,1,1,1,1,1
test_05064,1,1,1,1,1
test_05070,1,1,1,1,1
test_05073,1,1,1,1,1
test_05082,1,1,1,1,1
test_05083,1,1,1,1,1
test_05091,1,1,1,1,1
test_05098,1,1,1,1,1
test_05100,1,1,1,1,1
test_05104,1,1,1,1,1
test_05118,1,1,1,1,1
test_05140,1,1,1,1,1
test_05141,1,1,1,1,1
test_05144,1,1,1,1,1
test_05158,1,1,1,1,1
test_05161,1,1,1,1,1
test_05174,1,1,1,1,1
test_05180,1,1,1,1,1
test_05184,1,1,1,1,1
test_05194,1,1,1,1,0
test_05196,1,1,1,1,1
test_05211,1,0,0,1,1
test_05215,1,1,0,1,1
test_05225,1,1,1,1,1
test_05229,1,1,1,1,1
test_05237,1,1,1,1,1
