seed,calib_split,calib_size,method,word_acc,cer
0,-,-,FP32,97.01,0.66
0,test,100batch,minmax,96.59,0.72
0,train,50,minmax,96.44,0.75
0,train,100,minmax,96.44,0.77
0,train,500,minmax,96.44,0.77
0,train,50,entropy,NA,NA
0,train,100,entropy,NA,NA
0,train,500,entropy,NA,NA
1,-,-,FP32,97.30,0.54
1,test,100batch,minmax,97.58,0.50
1,train,50,minmax,97.58,0.50
1,train,100,minmax,97.72,0.47
1,train,500,minmax,97.72,0.47
1,train,50,entropy,NA,NA
1,train,100,entropy,NA,NA
1,train,500,entropy,NA,NA
2,-,-,FP32,96.87,0.66
2,test,100batch,minmax,96.87,0.66
2,train,50,minmax,97.01,0.63
2,train,100,minmax,97.01,0.66
2,train,500,minmax,97.01,0.63
2,train,50,entropy,NA,NA
2,train,100,entropy,NA,NA
2,train,500,entropy,NA,NA
0,train,50,entropy,96.73,0.70
0,train,100,entropy,96.73,0.70
0,train,500,entropy,96.73,0.70
1,train,50,entropy,97.58,0.50
1,train,100,entropy,97.58,0.50
1,train,500,entropy,97.58,0.50
2,train,50,entropy,97.01,0.63
2,train,100,entropy,97.01,0.63
2,train,500,entropy,97.01,0.63
