label_base,channel,name,n_reps,n_samples,W_mean,W_sd_within,W_sd_between_reps,W_min,W_max,W_from_dWh,V_mean,pf_mean
host_cpu,0,host,3,450,161.4,1.45,2.27,154.0,167.3,168.74,228.7,0.92
host_cpu,1,spare1,3,450,0.0,0.0,0.0,0.0,0.0,0.0,228.7,
host_cpu,2,spare2,3,450,0.0,0.0,0.0,0.0,0.0,0.0,226.7,
host_cpu,3,kv260,3,450,10.48,0.07,0.03,10.3,10.9,11.06,226.7,0.442
host_gpu,0,host,3,450,244.66,15.8,1.72,178.6,257.4,254.87,228.6,0.948
host_gpu,1,spare1,3,450,0.0,0.0,0.0,0.0,0.0,0.0,228.6,
host_gpu,2,spare2,3,450,0.0,0.0,0.0,0.0,0.0,0.0,226.6,
host_gpu,3,kv260,3,450,10.49,0.07,0.03,10.3,10.7,11.08,226.6,0.44
host_idle,0,host,3,450,88.02,4.38,1.84,80.5,168.8,90.97,228.7,0.816
host_idle,1,spare1,3,450,0.0,0.0,0.0,0.0,0.0,0.0,228.7,
host_idle,2,spare2,3,450,0.0,0.0,0.0,0.0,0.0,0.0,226.7,
host_idle,3,kv260,3,450,10.54,0.08,0.05,10.1,11.1,11.14,226.7,0.43
kv260_detect,0,host,3,450,86.67,0.85,0.38,84.3,100.6,90.19,229.1,0.814
kv260_detect,1,spare1,3,450,0.0,0.0,0.0,0.0,0.0,0.0,229.1,
kv260_detect,2,spare2,3,450,0.0,0.0,0.0,0.0,0.0,0.0,227.1,
kv260_detect,3,kv260,3,450,10.52,0.06,0.01,10.3,10.7,11.12,227.1,0.438
kv260_idle,0,host,3,450,87.72,1.06,0.27,85.4,92.5,90.97,229.1,0.819
kv260_idle,1,spare1,3,450,0.0,0.0,0.0,0.0,0.0,0.0,229.1,
kv260_idle,2,spare2,3,450,0.0,0.0,0.0,0.0,0.0,0.0,227.1,
kv260_idle,3,kv260,3,450,10.5,0.06,0.02,10.3,10.7,11.11,227.1,0.437
